billing_group_code,code,code_abbreviation,code_translation,description,start_date,created_at,updated_at,id,end_date
G,RGS-N,REGISTRATION CHARGES,RGS-N,REGISTRATION CHARGES,2020-10-10,2020-02-06 00:00:00,2020-02-06 00:00:00,,
O,COP-N,CONSULTATION OP,COP-N,CONSULTATION OP,2020-10-10,2020-02-06 00:00:00,2020-02-06 00:00:00,,
O,COPKMC-N,CONSULTATION OP KMC,COPKMC-N,CONSULTATION OP KMC,2020-10-10,2020-02-06 00:00:00,2020-02-06 00:00:00,,
H,HHCP-N,HC PACKAGES,HHCP-N,HC PACKAGES,2020-10-10,2020-02-06 00:00:00,2020-02-06 00:00:00,,
H,HHCA-N,HC ADD ON MODULES,HHCA-N,HC ADD ON MODULES,2020-10-10,2020-02-06 00:00:00,2020-02-06 00:00:00,,
H,HHCC-N,HC CONSULTATIONS,HHCC-N,HC CONSULTATIONS,2020-10-10,2020-02-06 00:00:00,2020-02-06 00:00:00,,
H,HHCMP-N,HC MANIPAL PACKAGES,HHCMP-N,HC MANIPAL PACKAGES,2020-10-10,2020-02-06 00:00:00,2020-02-06 00:00:00,,
H,HHCM-N,OLD HC MANIPAL PACKAGES OLD,HHCM-N,OLD HC MANIPAL PACKAGES,2020-10-10,2020-02-06 00:00:00,2020-02-06 00:00:00,,
H,HHCMA-N,HC MANIPAL ADD ON MODULES,HHCMA-N,HC MANIPAL ADD ON MODULES,2020-10-10,2020-02-06 00:00:00,2020-02-06 00:00:00,,
H,MISC-N,MISC,MISC-N,MISC,2020-10-10,2020-02-06 00:00:00,2020-02-06 00:00:00,,
I,IBED-N,IP BED CHARGES,IBED-N,IP BED CHARGES,2020-10-10,2020-02-06 00:00:00,2020-02-06 00:00:00,,
I,ICON-D,CONSULTATION IP,ICON-D,CONSULTATION IP,2020-10-10,2020-02-06 00:00:00,2020-02-06 00:00:00,,
I,IMED-C,MEDICAL EQUIPMENT,IMED-C,MEDICAL EQUIPMENT,2020-10-10,2020-02-06 00:00:00,2020-02-06 00:00:00,,
I,ISER-N,IP SERVICE CHARGES,ISER-N,IP SERVICE CHARGES,2020-10-10,2020-02-06 00:00:00,2020-02-06 00:00:00,,
I,IOTH-C,OTHER SERVICES,IOTH-C,OTHER SERVICES,2020-10-10,2020-02-06 00:00:00,2020-02-06 00:00:00,,
I,IADM-N,ADMISSION CHARGES,IADM-N,ADMISSION CHARGES,2020-10-10,2020-02-06 00:00:00,2020-02-06 00:00:00,,
I,ICUBED-N,ICU BED CHARGES,ICUBED-N,ICU BED CHARGES,2020-10-10,2020-02-06 00:00:00,2020-02-06 00:00:00,,
I,ICUSER-N,ICU SERVICE CHARGES,ICUSER-N,ICU SERVICE CHARGES,2020-10-10,2020-02-06 00:00:00,2020-02-06 00:00:00,,
I,IDBED-N,IP DUAL BED CHARGES,IDBED-N,IP DUAL BED CHARGES,2020-10-10,2020-02-06 00:00:00,2020-02-06 00:00:00,,
I,IMSF-D,MEDICAL SUPPORT FEE,IMSF-D,MEDICAL SUPPORT FEE,2020-10-10,2020-02-06 00:00:00,2020-02-06 00:00:00,,
I,ICONKMC-D,CONSULTATION IP KMC,ICONKMC-D,CONSULTATION IP KMC,2020-10-10,2020-02-06 00:00:00,2020-02-06 00:00:00,,
I,ICG-N,CAREGIVER CHARGES,ICG-N,CAREGIVER CHARGES,2020-10-10,2020-02-06 00:00:00,2020-02-06 00:00:00,,
K,KCAR-C,CARDIOLOGY PACKAGE,KCAR-C,CARDIOLOGY PACKAGE,2020-10-10,2020-02-06 00:00:00,2020-02-06 00:00:00,,
K,KCTS-C,CARDIOTHORACIC SURGERY PACKAGE,KCTS-C,CARDIOTHORACIC SURGERY PACKAGE,2020-10-10,2020-02-06 00:00:00,2020-02-06 00:00:00,,
K,KDER-C,DERMATOLOGY PACKAGE,KDER-C,DERMATOLOGY PACKAGE,2020-10-10,2020-02-06 00:00:00,2020-02-06 00:00:00,,
K,KNEP-C,NEPHROLOGY PACKAGE,KNEP-C,NEPHROLOGY PACKAGE,2020-10-10,2020-02-06 00:00:00,2020-02-06 00:00:00,,
K,KNUC-C,NUCLEAR MEDICINE PACKAGE,KNUC-C,NUCLEAR MEDICINE PACKAGE,2020-10-10,2020-02-06 00:00:00,2020-02-06 00:00:00,,
K,KOBG-C,OBG PACKAGE,KOBG-C,OBG PACKAGE,2020-10-10,2020-02-06 00:00:00,2020-02-06 00:00:00,,
K,KOPT-C,OPTHALMOLOGY PACKAGE,KOPT-C,OPTHALMOLOGY PACKAGE,2020-10-10,2020-02-06 00:00:00,2020-02-06 00:00:00,,
K,KONR-C,ONCOLOGY RADIATION PACKAGE,KONR-C,ONCOLOGY RADIATION PACKAGE,2020-10-10,2020-02-06 00:00:00,2020-02-06 00:00:00,,
K,KGEN-C,GENERAL SURGERY PACKAGE,KGEN-C,GENERAL SURGERY PACKAGE,2020-10-10,2020-02-06 00:00:00,2020-02-06 00:00:00,,
K,KSTM-C,STEMPUTICS PACKAGE,KSTM-C,STEMPUTICS PACKAGE,2020-10-10,2020-02-06 00:00:00,2020-02-06 00:00:00,,
K,KPIC-C,PAEDIATRIC ICU PACKAGE,KPIC-C,PAEDIATRIC ICU PACKAGE,2020-10-10,2020-02-06 00:00:00,2020-02-06 00:00:00,,
K,KENT-C,ENT PACKAGE,KENT-C,ENT PACKAGE,2020-10-10,2020-02-06 00:00:00,2020-02-06 00:00:00,,
K,KNSR-C,NEUROSURGERY PACKAGE,KNSR-C,NEUROSURGERY PACKAGE,2020-10-10,2020-02-06 00:00:00,2020-02-06 00:00:00,,
K,KORT-C,ORTHOPAEDICS PACKAGE,KORT-C,ORTHOPAEDICS PACKAGE,2020-10-10,2020-02-06 00:00:00,2020-02-06 00:00:00,,
K,KPSR-C,PAEDIATRIC SURGERY PACKAGE,KPSR-C,PAEDIATRIC SURGERY PACKAGE,2020-10-10,2020-02-06 00:00:00,2020-02-06 00:00:00,,
K,KPLS-C,PLASTIC SURGERY PACKAGE,KPLS-C,PLASTIC SURGERY PACKAGE,2020-10-10,2020-02-06 00:00:00,2020-02-06 00:00:00,,
K,KSUG-C,SURGICAL GASTROENTEROLOGY PACKAGE,KSUG-C,SURGICAL GASTROENTEROLOGY PACKAGE,2020-10-10,2020-02-06 00:00:00,2020-02-06 00:00:00,,
K,KONS-C,SURGICAL ONCOLOGY PACKAGE,KONS-C,SURGICAL ONCOLOGY PACKAGE,2020-10-10,2020-02-06 00:00:00,2020-02-06 00:00:00,,
K,KURO-C,UROLOGY PACKAGE,KURO-C,UROLOGY PACKAGE,2020-10-10,2020-02-06 00:00:00,2020-02-06 00:00:00,,
K,KVAS-C,VASCULAR SURGERY PACKAGE,KVAS-C,VASCULAR SURGERY PACKAGE,2020-10-10,2020-02-06 00:00:00,2020-02-06 00:00:00,,
K,KCARANGIO-C,CARDIOLOGY ANGIO PACKAGE,KCARANGIO-C,CARDIOLOGY ANGIO PACKAGE,2020-10-10,2020-02-06 00:00:00,2020-02-06 00:00:00,,
K,KCARPLASTY-C,CARDIOLOGY PLASTY PACKAGE,KCARPLASTY-C,CARDIOLOGY PLASTY PACKAGE,2020-10-10,2020-02-06 00:00:00,2020-02-06 00:00:00,,
K,KMEG-C,MEDICAL GASTROENTEROLOGY PACKAGE,KMEG-C,MEDICAL GASTROENTEROLOGY PACKAGE,2020-10-10,2020-02-06 00:00:00,2020-02-06 00:00:00,,
K,KDIA-C,Diabetes Endocrinology Package,KDIA-C,Diabetes Endocrinology Package,2020-10-10,2020-02-06 00:00:00,2020-02-06 00:00:00,,
K,KRAD-C,RADIOLOGY PACKAGE,KRAD-C,RADIOLOGY PACKAGE,2020-10-10,2020-02-06 00:00:00,2020-02-06 00:00:00,,
K,KDEN-C,DENTAL PACKAGE,KDEN-C,DENTAL PACKAGE,2020-10-10,2020-02-06 00:00:00,2020-02-06 00:00:00,,
K,KMISC-C,Misc Package,KMISC-C,Misc Package,2020-10-10,2020-02-06 00:00:00,2020-02-06 00:00:00,,
K,KFM-C,FETAL MEDICINE PACKAGE,KFM-C,FETAL MEDICINE PACKAGE,2020-10-10,2020-02-06 00:00:00,2020-02-06 00:00:00,,
K,KPMR-C,PHYSICAL MEDICINE GYM PACKAGE,KPMR-C,PHYSICAL MEDICINE GYM PACKAGE,2020-10-10,2020-02-06 00:00:00,2020-02-06 00:00:00,,
K,KHCIP-C,HC IP PACKAGE,KHCIP-C,HC IP PACKAGE,2020-10-10,2020-02-06 00:00:00,2020-02-06 00:00:00,,
K,KHOM-C,HOMECARE PACKAGE,KHOM-C,HOMECARE PACKAGE,2020-10-10,2020-02-06 00:00:00,2020-02-06 00:00:00,,
K,KIPM-C,INTERVENTIONAL PAIN MEDICINE PACKAGE,KIPM-C,INTERVENTIONAL PAIN MEDICINE PACKAGE,2020-10-10,2020-02-06 00:00:00,2020-02-06 00:00:00,,
K,KLTP-C,LIVER TRANSPLANT PACKAGE,KLTP-C,LIVER TRANSPLANT PACKAGE,2020-10-10,2020-02-06 00:00:00,2020-02-06 00:00:00,,
K,KONM-C,ONCOLOGY MEDICAL PACKAGE,KONM-C,ONCOLOGY MEDICAL PACKAGE,2020-10-10,2020-02-06 00:00:00,2020-02-06 00:00:00,,
K,KRMP-C,RESPIRATORY MEDICINE PULMNOLOGY PACKAGE,KRMP-C,RESPIRATORY MEDICINE PULMNOLOG PACKAGE,2020-10-10,2020-02-06 00:00:00,2020-02-06 00:00:00,,
K,KNEU-C,NEUROLOGY PACKAGE,KNEU-C,NEUROLOGY PACKAGE,2020-10-10,2020-02-06 00:00:00,2020-02-06 00:00:00,,
K,KIPUM-C,INTERVENTIONAL PULMONOLOGY MEDICINE PACKAGE,KIPUM-C,INTERVENTIONAL PULMONOLOGY MEDICINE PACKAGE,2020-10-10,2020-02-06 00:00:00,2020-02-06 00:00:00,,
K,KLAB-C,LAB PACKAGE,KLAB-C,LAB PACKAGE,2020-10-10,2020-02-06 00:00:00,2020-02-06 00:00:00,,
K,KPAE-C,PAEDIATRIC PACKAGE,KPAE-C,PAEDIATRIC PACKAGE,2020-10-10,2020-02-06 00:00:00,2020-02-06 00:00:00,,
K,KNDP-C,NEPHROLOGY DIALYSIS PACKAGE,KNDP-C,NEPHROLOGY DIALYSIS PACKAGE,2020-10-10,2020-02-06 00:00:00,2020-02-06 00:00:00,,
K,KCC-C,CRITICAL CARE PACKAGE,KCC-C,CRITICAL CARE PACKAGE,2020-10-10,2020-02-06 00:00:00,2020-02-06 00:00:00,,
K,KINTP-C,INTERNAL MEDICINE PACKAGE,KINTP-C,INTERNAL MEDICINE PACKAGE,2020-10-10,2020-02-06 00:00:00,2020-02-06 00:00:00,,
K,KNEO-C,NEONATALOGY PACKAGE,KNEO-C,NEONATALOGY PACKAGE,2020-10-10,2020-02-06 00:00:00,2020-02-06 00:00:00,,
K,KIVF-C,IVF ART PACKAGE,KIVF-C,IVF ART PACKAGE,2020-10-10,2020-02-06 00:00:00,2020-02-06 00:00:00,,
K,KDOM-C,DENTAL ORAL MAXILLOFACIAL PACKAGE,KDOM-C,DENTAL ORAL MAXILLOFACIAL PACKAGE,2020-10-10,2020-02-06 00:00:00,2020-02-06 00:00:00,,
S,STHC-N,THEATRE CHARGES,STHC-N,THEATRE CHARGES,2020-10-10,2020-02-06 00:00:00,2020-02-06 00:00:00,,
S,SENT-D,ENT SURGERY,SENT-D,ENT SURGERY,2020-10-10,2020-02-06 00:00:00,2020-02-06 00:00:00,,
S,SGEN-D,GENERAL SURGERY,SGEN-D,GENERAL SURGERY,2020-10-10,2020-02-06 00:00:00,2020-02-06 00:00:00,,
S,SNSR-D,NEURO SURGERY,SNSR-D,NEURO SURGERY,2020-10-10,2020-02-06 00:00:00,2020-02-06 00:00:00,,
S,SOBG-D,OBG SURGERY,SOBG-D,OBG SURGERY,2020-10-10,2020-02-06 00:00:00,2020-02-06 00:00:00,,
S,SONS-D,ONCOLOGY SURGERY,SONS-D,ONCOLOGY SURGERY,2020-10-10,2020-02-06 00:00:00,2020-02-06 00:00:00,,
S,SOPT-D,OPTHALMOLOGY SURGERY,SOPT-D,OPTHALMOLOGY SURGERY,2020-10-10,2020-02-06 00:00:00,2020-02-06 00:00:00,,
S,SORT-D,ORTHOPEDICS SURGERY,SORT-D,ORTHOPEDICS SURGERY,2020-10-10,2020-02-06 00:00:00,2020-02-06 00:00:00,,
S,SPSR-D,PAEDIATRIC SURGERY,SPSR-D,PAEDIATRIC SURGERY,2020-10-10,2020-02-06 00:00:00,2020-02-06 00:00:00,,
S,SPLS-D,PLASTIC SURGERY,SPLS-D,PLASTIC SURGERY,2020-10-10,2020-02-06 00:00:00,2020-02-06 00:00:00,,
S,SSUG-D,GASTROENTEROLOGY SURGERY,SSUG-D,GASTROENTEROLOGY SURGERY,2020-10-10,2020-02-06 00:00:00,2020-02-06 00:00:00,,
S,SURO-D,UROLOGY SURGERY,SURO-D,UROLOGY SURGERY,2020-10-10,2020-02-06 00:00:00,2020-02-06 00:00:00,,
S,SVAS-D,VASCULAR SURGERY,SVAS-D,VASCULAR SURGERY,2020-10-10,2020-02-06 00:00:00,2020-02-06 00:00:00,,
S,SAND-D,IVF ART SURGERY,SAND-D,IVF ART SURGERY,2020-10-10,2020-02-06 00:00:00,2020-02-06 00:00:00,,
S,SANR-D,REPRODUCTIVE MEDICINE SURGERY,SANR-D,REPRODUCTIVE MEDICINE SURGERY,2020-10-10,2020-02-06 00:00:00,2020-02-06 00:00:00,,
S,SPHY-D,PHYSICAL MEDICINE SURGERY,SPHY-D,PHYSICAL MEDICINE SURGERY,2020-10-10,2020-02-06 00:00:00,2020-02-06 00:00:00,,
S,SANF-D,ANASTHESISTS FEES,SANF-D,ANASTHETISTS FEES,2020-10-10,2020-02-06 00:00:00,2020-02-06 00:00:00,,
S,SSAF-N,SURGICAL ASSISTANCE FEES,SSAF-N,SURGICAL ASSISTANCE FEES,2020-10-10,2020-02-06 00:00:00,2020-02-06 00:00:00,,
S,SSTM-D,STEMPUTICS SURGERY,SSTM-D,STEMPUTICS SURGERY,2020-10-10,2020-02-06 00:00:00,2020-02-06 00:00:00,,
S,SOPO-D,OPTOMOLOGY OCCUPLASTY SURGERY,SOPO-D,OPTOMOLOGY OCCUPLASTY SURGERY,2020-10-10,2020-02-06 00:00:00,2020-02-06 00:00:00,,
S,POPO,POPO (RETIRED),POPO,POPO (RETIRED),2020-10-10,2020-02-06 00:00:00,2020-02-06 00:00:00,,
S,PSTM,PSTM (RETIRED),PSTM,PSTM (RETIRED),2020-10-10,2020-02-06 00:00:00,2020-02-06 00:00:00,,
S,SCAR-D,CARDIOLOGY SURGERY,SCAR-D,CARDIOLOGY SURGERY,2020-10-10,2020-02-06 00:00:00,2020-02-06 00:00:00,,
S,SCTS-D,CARDIOTHORACIC SURGERY,SCTS-D,CARDIOTHORACIC SURGERY,2020-10-10,2020-02-06 00:00:00,2020-02-06 00:00:00,,
S,SDER-D,DERMATOLOGY SURGERY,SDER-D,DERMATOLOGY SURGERY,2020-10-10,2020-02-06 00:00:00,2020-02-06 00:00:00,,
S,SNEP-D,NEPHROLOGY SURGERY,SNEP-D,NEPHROLOGY SURGERY,2020-10-10,2020-02-06 00:00:00,2020-02-06 00:00:00,,
S,SNUM-D,NUCLEAR MEDICINE SURGERY,SNUM-D,NUCLEAR MEDICINE SURGERY,2020-10-10,2020-02-06 00:00:00,2020-02-06 00:00:00,,
S,SPIC-D,PAEDIATRIC ICU SURGERY,SPIC-D,PAEDIATRIC ICU SURGERY,2020-10-10,2020-02-06 00:00:00,2020-02-06 00:00:00,,
S,SOBGCSCTN-D,OBG CSECTION SURGERY,SOBGCSCTN-D,OBG CSECTION SURGERY,2020-10-10,2020-02-06 00:00:00,2020-02-06 00:00:00,,
S,SOBGNRML-D,OBG NORMAL SURGERY,SOBGNRML-D,OBG NORMAL SURGERY,2020-10-10,2020-02-06 00:00:00,2020-02-06 00:00:00,,
S,SORTJNT-D,ORTHOPEDICS JOINT SURGERY,SORTJNT-D,ORTHOPEDICS JOINT SURGERY,2020-10-10,2020-02-06 00:00:00,2020-02-06 00:00:00,,
S,SMEG-D,GASTROENTEROLOGY MEDICAL,SMEG-D,GASTROENTEROLOGY MEDICAL,2020-10-10,2020-02-06 00:00:00,2020-02-06 00:00:00,,
S,STK-C,STK-C,STK-C,STK-C,2020-10-10,2020-02-06 00:00:00,2020-02-06 00:00:00,,
S,SPAR-D,PAIN RELIEF SURGERY,SPAR-D,PAIN RELIEF SURGERY,2020-10-10,2020-02-06 00:00:00,2020-02-06 00:00:00,,
S,SASF-D,ASSOCIATE SURGEON FEE,SASF-D,ASSOCIATE SURGEON FEE,2020-10-10,2020-02-06 00:00:00,2020-02-06 00:00:00,,
S,SDEN-D,DENTAL SURGERY,SDEN-D,DENTAL SURGERY,2020-10-10,2020-02-06 00:00:00,2020-02-06 00:00:00,,
S,SSCC-D,SPINE CARE SURGERY,SSCC-D,SPINE CARE SURGERY,2020-10-10,2020-02-06 00:00:00,2020-02-06 00:00:00,,
S,SFET-D,FETAL MEDICINE SURGERY,SFET-D,FETAL MEDICINE SURGERY,2020-10-10,2020-02-06 00:00:00,2020-02-06 00:00:00,,
S,SIPM-D,INTERVENTIONAL PAIN MEDICINE SURGERY,SIPM-D,INTERVENTIONAL PAIN MEDICINE SURGERY,2020-10-10,2020-02-06 00:00:00,2020-02-06 00:00:00,,
S,SOMS-D,ONCOLOGY MUSCULOSKELETAL SURGERY,SOMS-D,ONCOLOGY MUSCULOSKELETAL SURGERY,2020-10-10,2020-02-06 00:00:00,2020-02-06 00:00:00,,
S,SMISC-D,SURGERY MISCELLANEOUS,SMISC-D,SURGERY MISCELLANEOUS,2020-10-10,2020-02-06 00:00:00,2020-02-06 00:00:00,,
S,STCM-N,THEATRE CHARGES MISCELLANEOUS,STCM-N,THEATRE CHARGES MISCELLANEOUS,2020-10-10,2020-02-06 00:00:00,2020-02-06 00:00:00,,
S,PAES,PAES(RETIRED),PAES,PAES(RETIRED),2020-10-10,2020-02-06 00:00:00,2020-02-06 00:00:00,,
S,SSTRI-D,STROKE INTERVENTION SURGERY,SSTRI-D,STROKE  INTERVENTION SURGERY,2020-10-10,2020-02-06 00:00:00,2020-02-06 00:00:00,,
S,SRESP-D,RESPIRATORY MEDICINE SURGERY,SRESP-D,RESPIRATORY MEDICINE SURGERY,2020-10-10,2020-02-06 00:00:00,2020-02-06 00:00:00,,
S,SPAP-D,PAIN PALLIATIVE MEDICINE,SPAP-D,PAIN PALLIATIVE MEDICINE,2020-10-10,2020-02-06 00:00:00,2020-02-06 00:00:00,,
S,SSC-D,SURGERY CHARGES,SSC-D,SURGERY CHARGES,2020-10-10,2020-02-06 00:00:00,2020-02-06 00:00:00,,
S,SPOD-D,PODIATRIC SURGERY,SPOD-D,PODIATRIC SURGERY,2020-10-10,2020-02-06 00:00:00,2020-02-06 00:00:00,,
S,SRADI,RADIOLOGY INVASIVE,SRADI,RADIOLOGY INVASIVE,2020-10-10,2020-02-06 00:00:00,2020-02-06 00:00:00,,
S,SCSS-D,CSSD CHARGES,SCSS-D,CSSD CHARGES,2020-10-10,2020-02-06 00:00:00,2020-02-06 00:00:00,,
S,SASFF-D,ASSISTANT SURGEON FEE,SASFF-D,ASSISTANT SURGEON FEE,2020-10-10,2020-02-06 00:00:00,2020-02-06 00:00:00,,
S,SDOM-D,DENTAL ORAL MAXILLOFACIAL SURGERY,SDOM-D,DENTAL ORAL MAXILLOFACIAL SURGERY,2020-10-10,2020-02-06 00:00:00,2020-02-06 00:00:00,,
P,PCAR-C,CARDIOLOGY,PCAR-C,CARDIOLOGY,2020-10-10,2020-02-06 00:00:00,2020-02-06 00:00:00,,
P,PAND-D,IVF ART PROCEDURES,PAND-D,IVF ART PROCEDURES,2020-10-10,2020-02-06 00:00:00,2020-02-06 00:00:00,,
P,PCRC-D,CRITICAL CARE,PCRC-D,CRITICAL CARE,2020-10-10,2020-02-06 00:00:00,2020-02-06 00:00:00,,
P,PDEN-D,DENTAL MEDICINE,PDEN-D,DENTAL MEDICINE,2020-10-10,2020-02-06 00:00:00,2020-02-06 00:00:00,,
P,PDEM-D,DENTAL ORAL MAXILLOFACIAL,PDEM-D,DENTAL ORAL MAXILLOFACIAL,2020-10-10,2020-02-06 00:00:00,2020-02-06 00:00:00,,
P,PDEU-D,DENTAL ORTHODONTICS,PDEU-D,DENTAL ORTHODONTICS,2020-10-10,2020-02-06 00:00:00,2020-02-06 00:00:00,,
P,PDER-D,DERMATOLOGY,PDER-D,DERMATOLOGY,2020-10-10,2020-02-06 00:00:00,2020-02-06 00:00:00,,
P,PDIE-D,DIABETES ENDOCRINOLOGY,PDIE-D,DIABETES ENDOCRINOLOGY,2020-10-10,2020-02-06 00:00:00,2020-02-06 00:00:00,,
P,PENT-D,ENT,PENT-D,ENT,2020-10-10,2020-02-06 00:00:00,2020-02-06 00:00:00,,
P,PMEG-D,GASTROENTEROLOGY MEDICAL,PMEG-D,GASTROENTEROLOGY MEDICAL,2020-10-10,2020-02-06 00:00:00,2020-02-06 00:00:00,,
P,PCYT-D,CYTOGENETICS,PCYT-D,CYTOGENETICS,2020-10-10,2020-02-06 00:00:00,2020-02-06 00:00:00,,
P,PINT-D,INTERNAL MEDICINE,PINT-D,INTERNAL MEDICINE,2020-10-10,2020-02-06 00:00:00,2020-02-06 00:00:00,,
P,PNEP-D,NEPHROLOGY,PNEP-D,NEPHROLOGY,2020-10-10,2020-02-06 00:00:00,2020-02-06 00:00:00,,
P,PNSR-D,NEUROSURGERY PROCEDURE,PNSR-D,NEUROSURGERY PROCEDURE,2020-10-10,2020-02-06 00:00:00,2020-02-06 00:00:00,,
P,PNEU-D,NEUROLOGY,PNEU-D,NEUROLOGY,2020-10-10,2020-02-06 00:00:00,2020-02-06 00:00:00,,
P,PNUM-D,NUCLEAR MEDICINE,PNUM-D,NUCLEAR MEDICINE,2020-10-10,2020-02-06 00:00:00,2020-02-06 00:00:00,,
P,POBG-D,OBG,POBG-D,OBG,2020-10-10,2020-02-06 00:00:00,2020-02-06 00:00:00,,
P,PFET-D,FETAL MEDICINE,PFET-D,FETAL MEDICINE,2020-10-10,2020-02-06 00:00:00,2020-02-06 00:00:00,,
P,PONM-D,ONCOLOGY MEDICAL,PONM-D,ONCOLOGY MEDICAL,2020-10-10,2020-02-06 00:00:00,2020-02-06 00:00:00,,
P,PONR-D,ONCOLOGY RADIATION,PONR-D,ONCOLOGY RADIATION,2020-10-10,2020-02-06 00:00:00,2020-02-06 00:00:00,,
P,POPT-D,OPTHALMOLOGY,POPT-D,OPTHALMOLOGY,2020-10-10,2020-02-06 00:00:00,2020-02-06 00:00:00,,
P,PORT-D,ORTHOPAEDICS,PORT-D,ORTHOPAEDICS,2020-10-10,2020-02-06 00:00:00,2020-02-06 00:00:00,,
P,PPED-D,PAEDIATRICS,PPED-D,PAEDIATRICS,2020-10-10,2020-02-06 00:00:00,2020-02-06 00:00:00,,
P,PPAP-D,PAIN PALLIATIVE MEDICINE,PPAP-D,PAIN PALLIATIVE MEDICINE,2020-10-10,2020-02-06 00:00:00,2020-02-06 00:00:00,,
P,PPIC-D,PAEDIATRIC ICU,PPIC-D,PAEDIATRIC ICU,2020-10-10,2020-02-06 00:00:00,2020-02-06 00:00:00,,
P,PPSY-D,PSYCHIATRY,PPSY-D,PSYCHIATRY,2020-10-10,2020-02-06 00:00:00,2020-02-06 00:00:00,,
P,PRES-D,RESPIRATORY MEDICINE PULMNOLOGY,PRES-D,RESPIRATORY MEDICINE PULMNOLOGY,2020-10-10,2020-02-06 00:00:00,2020-02-06 00:00:00,,
P,PRHE-D,RHEUMATOLOGY,PRHE-D,RHEUMATOLOGY,2020-10-10,2020-02-06 00:00:00,2020-02-06 00:00:00,,
P,PSPO-D,SPORTS MEDICINE,PSPO-D,SPORTS MEDICINE,2020-10-10,2020-02-06 00:00:00,2020-02-06 00:00:00,,
P,PURO-D,UROLOGY,PURO-D,UROLOGY,2020-10-10,2020-02-06 00:00:00,2020-02-06 00:00:00,,
P,PVAS-D,VASCULAR SURGERY PROCEDURE,PVAS-D,VASCULAR SURGERY PROCEDURE,2020-10-10,2020-02-06 00:00:00,2020-02-06 00:00:00,,
P,PYOG-D,YOGA THERAPY,PYOG-D,YOGA THERAPY,2020-10-10,2020-02-06 00:00:00,2020-02-06 00:00:00,,
P,PPPL-D,PAEDIATRIC PULMONOLOGY,PPPL-D,PAEDIATRIC PULMONOLOGY,2020-10-10,2020-02-06 00:00:00,2020-02-06 00:00:00,,
P,PSTM-D,STEMPUTICS,PSTM-D,STEMPUTICS,2020-10-10,2020-02-06 00:00:00,2020-02-06 00:00:00,,
P,POPO-D,OPTOMOLOGY OCCUPLASTY,POPO-D,OPTOMOLOGY OCCUPLASTY,2020-10-10,2020-02-06 00:00:00,2020-02-06 00:00:00,,
P,PPSR-D,PAEDIATRIC SURGERY PROCEDURE,PPSR-D,PAEDIATRIC SURGERY PROCEDURE,2020-10-10,2020-02-06 00:00:00,2020-02-06 00:00:00,,
P,PPLS-D,PLASTIC SURGERY PROCEDURE,PPLS-D,PLASTIC SURGERY PROCEDURE,2020-10-10,2020-02-06 00:00:00,2020-02-06 00:00:00,,
P,PANA-D,ANAESTHESIA PROCEDURES,PANA-D,ANAESTHESIA PROCEDURES,2020-10-10,2020-02-06 00:00:00,2020-02-06 00:00:00,,
P,SGEN,SGEN (RETIRED),SGEN,SGEN (RETIRED),2020-10-10,2020-02-06 00:00:00,2020-02-06 00:00:00,,
P,PGEN-D,GENERAL SURGERY PROCEDURE,PGEN-D,GENERAL SURGERY PROCEDURE,2020-10-10,2020-02-06 00:00:00,2020-02-06 00:00:00,,
P,PONS-D,ONCOLOGY SURGICAL,PONS-D,ONCOLOGY SURGICAL,2020-10-10,2020-02-06 00:00:00,2020-02-06 00:00:00,,
P,PPDE-D,PAEDIATRIC DEVELOPMENT,PPDE-D,PAEDIATRIC DEVELOPMENT,2020-10-10,2020-02-06 00:00:00,2020-02-06 00:00:00,,
P,PNEPDIALYS-D,NEPHROLOGY DIALYSIS,PNEPDIALYS-D,NEPHROLOGY DIALYSIS,2020-10-10,2020-02-06 00:00:00,2020-02-06 00:00:00,,
P,PNUMGAMMA-D,NUCLEAR MEDICINE - GAMMA,PNUMGAMMA-D,NUCLEAR MEDICINE - GAMMA,2020-10-10,2020-02-06 00:00:00,2020-02-06 00:00:00,,
P,PNUMTHERA-D,NUCLEAR MEDICINE - THERAPY,PNUMTHERA-D,NUCLEAR MEDICINE - THERAPY,2020-10-10,2020-02-06 00:00:00,2020-02-06 00:00:00,,
P,PNUMPETCT-D,NUCLEAR MEDICINE - PET CT,PNUMPETCT-D,NUCLEAR MEDICINE - PET CT,2020-10-10,2020-02-06 00:00:00,2020-02-06 00:00:00,,
P,PNUMKITS-D,NUCLEAR MEDICINE - KITS,PNUMKITS-D,NUCLEAR MEDICINE - KITS,2020-10-10,2020-02-06 00:00:00,2020-02-06 00:00:00,,
P,POBGDEL-D,OBG NORMAL DEL,POBGDEL-D,OBG NORMAL DEL,2020-10-10,2020-02-06 00:00:00,2020-02-06 00:00:00,,
P,PONRLINAC-D,ONCOLOGY RADIATION LINAC,PONRLINAC-D,ONCOLOGY RADIATION LINAC,2020-10-10,2020-02-06 00:00:00,2020-02-06 00:00:00,,
P,POPTLASIK-D,OPTHALMOLOGY LASIK,POPTLASIK-D,OPTHALMOLOGY LASIK,2020-10-10,2020-02-06 00:00:00,2020-02-06 00:00:00,,
P,PUROLITHO-D,UROLOGY LITHOTRIPSY,PUROLITHO-D,UROLOGY LITHOTRIPSY,2020-10-10,2020-02-06 00:00:00,2020-02-06 00:00:00,,
P,PNPSY-D,NEUROPSYCHOLOGY,PNPSY-D,NEUROPSYCHOLOGY,2020-10-10,2020-02-06 00:00:00,2020-02-06 00:00:00,,
P,PMISC-D,Misc Procedure,PMISC-D,Misc Procedure,2020-10-10,2020-02-06 00:00:00,2020-02-06 00:00:00,,
P,PHOC-D,HOME CARE,PHOC-D,HOME CARE,2020-10-10,2020-02-06 00:00:00,2020-02-06 00:00:00,,
P,PSCC-D,SPINE CARE,PSCC-D,SPINE CARE,2020-10-10,2020-02-06 00:00:00,2020-02-06 00:00:00,,
P,PIPM-D,INTERVENTIONAL PAIN MEDICINE,PIPM-D,INTERVENTIONAL PAIN MEDICINE,2020-10-10,2020-02-06 00:00:00,2020-02-06 00:00:00,,
P,POMP-D,ONCOLOGY MUSCULOSKELETAL PROCEDURE,POMP-D,ONCOLOGY MUSCULOSKELETAL PROCEDURE,2020-10-10,2020-02-06 00:00:00,2020-02-06 00:00:00,,
P,PGED-D,GERIATRIC MEDICINE,PGED-D,GERIATRIC MEDICINE,2020-10-10,2020-02-06 00:00:00,2020-02-06 00:00:00,,
P,PTRAN-D,TRANSFUSION MEDICINE,PTRAN-D,TRANSFUSION MEDICINE,2020-10-10,2020-02-06 00:00:00,2020-02-06 00:00:00,,
P,PCTS-D,CARDIOTHORACIC SURGERY,PCTS-D,CARDIOTHORACIC SURGERY,2020-10-10,2020-02-06 00:00:00,2020-02-06 00:00:00,,
P,PAUD-D,AUDIOLOGY,PAUD-D,AUDIOLOGY,2020-10-10,2020-02-06 00:00:00,2020-02-06 00:00:00,,
P,PBSP-D,BED SIDE PROCEDURE,PBSP-D,BED SIDE PROCEDURE,2020-10-10,2020-02-06 00:00:00,2020-02-06 00:00:00,,
L,LBC-C,BIOCHEMISTRY,LBC-C,BIOCHEMISTRY,2020-10-10,2020-02-06 00:00:00,2020-02-06 00:00:00,,
L,LBB-C,BLOOD BANK,LBB-C,BLOOD BANK,2020-10-10,2020-02-06 00:00:00,2020-02-06 00:00:00,,
L,LHM-C,HAEMATOLOGY,LHM-C,HAEMATOLOGY,2020-10-10,2020-02-06 00:00:00,2020-02-06 00:00:00,,
L,LHP-C,HISTOPATHOLOGY,LHP-C,HISTOPATHOLOGY,2020-10-10,2020-02-06 00:00:00,2020-02-06 00:00:00,,
L,LMB-C,MICROBIOLOGY,LMB-C,MICROBIOLOGY,2020-10-10,2020-02-06 00:00:00,2020-02-06 00:00:00,,
L,LMP-C,MOLECULAR PATHOLOGY,LMP-C,MOLECULAR PATHOLOGY,2020-10-10,2020-02-06 00:00:00,2020-02-06 00:00:00,,
L,LMC-C,LABORATORY MISC CHARGES,LMC-C,LABORATORY MISC CHARGES,2020-10-10,2020-02-06 00:00:00,2020-02-06 00:00:00,,
L,LBP-C,BLOOD PACK (PRODUCTS),LBP-C,BLOOD PACK (PRODUCTS),2020-10-10,2020-02-06 00:00:00,2020-02-06 00:00:00,,
L,LCYT-C,CYTOGENETICS,LCYT-C,CYTOGENETICS,2020-10-10,2020-02-06 00:00:00,2020-02-06 00:00:00,,
L,LBP-BP,BLOOD BANK PRODUCTS,LBP-BP,BLOOD BANK PRODUCTS,2020-10-10,2020-02-06 00:00:00,2020-02-06 00:00:00,,
L,LCP-C,CLINICAL PATHOLOGY,LCP-C,CLINICAL PATHOLOGY,2020-10-10,2020-02-06 00:00:00,2020-02-06 00:00:00,,
L,LCYP-C,CYTOPATHOLOGY,LCYP-C,CYTOPATHOLOGY,2020-10-10,2020-02-06 00:00:00,2020-02-06 00:00:00,,
L,LMED-C,MEDICAL GENETICS,LMED-C,MEDICAL GENETICS,2020-10-10,2020-02-06 00:00:00,2020-02-06 00:00:00,,
R,RAN-C,ANGIO,RAN-C,ANGIO,2020-10-10,2020-02-06 00:00:00,2020-02-06 00:00:00,,
R,RCT-C,CT,RCT-C,CT,2020-10-10,2020-02-06 00:00:00,2020-02-06 00:00:00,,
R,RMR-C,MR,RMR-C,MR,2020-10-10,2020-02-06 00:00:00,2020-02-06 00:00:00,,
R,RUS-C,ULTRASOUND,RUS-C,ULTRASOUND,2020-10-10,2020-02-06 00:00:00,2020-02-06 00:00:00,,
R,RXR-C,XRAY,RXR-C,XRAY,2020-10-10,2020-02-06 00:00:00,2020-02-06 00:00:00,,
R,RMG-C,MAMMOGRAM,RMG-C,MAMMOGRAM,2020-10-10,2020-02-06 00:00:00,2020-02-06 00:00:00,,
R,RBM-C,BMD,RBM-C,BMD,2020-10-10,2020-02-06 00:00:00,2020-02-06 00:00:00,,
R,RMI-C,RADIOLOGY MISC,RMI-C,RADIOLOGY MISC,2020-10-10,2020-02-06 00:00:00,2020-02-06 00:00:00,,
R,RCTCARDIAC-C,CT CARDIAC,RCTCARDIAC-C,CT CARDIAC,2020-10-10,2020-02-06 00:00:00,2020-02-06 00:00:00,,
R,RMP-C,Rad Misc Price,RMP-C,Rad Misc Price,2020-10-10,2020-02-06 00:00:00,2020-02-06 00:00:00,,
R,RDOP-C,DOPPLER,RDOP-C,DOPPLER,2020-10-10,2020-02-06 00:00:00,2020-02-06 00:00:00,,
R,RXRP-C,XRAY PORTABLE,RXRP-C,XRAY PORTABLE,2020-10-10,2020-02-06 00:00:00,2020-02-06 00:00:00,,
R,RINP-C,RADIOLOGY INVASIVE PROCEDURES,RINP-C,RADIOLOGY INVASIVE PROCEDURES,2020-10-10,2020-02-06 00:00:00,2020-02-06 00:00:00,,
R,RT-C,TRAIL,RT-C,TRAIL,2020-10-10,2020-02-06 00:00:00,2020-02-06 00:00:00,,
R,RXRS-C,XRAY SPECIAL,RXRS-C,XRAY SPECIAL,2020-10-10,2020-02-06 00:00:00,2020-02-06 00:00:00,,
R,RCTS-C,CT SPECIAL,RCTS-C,CT SPECIAL,2020-10-10,2020-02-06 00:00:00,2020-02-06 00:00:00,,
M,MPHY-C,PHARMACY,MPHY-C,PHARMACY,2020-10-10,2020-02-06 00:00:00,2020-02-06 00:00:00,,
M,MPHYHV-C,PHARMACY HIGH VALUE,MPHYHV-C,PHARMACY HIGH VALUE,2020-10-10,2020-02-06 00:00:00,2020-02-06 00:00:00,,
M,MPHYNM-C,PHARMACY NON MEDICAL,MPHYNM-C,PHARMACY NON MEDICAL,2020-10-10,2020-02-06 00:00:00,2020-02-06 00:00:00,,
M,MPHYHVNM-C,PHARMACY HIGH VALUE NON MEDICAL,MPHYHVNM-C,PHARMACY HIGH VALUE NON MEDICAL,2020-10-10,2020-02-06 00:00:00,2020-02-06 00:00:00,,
M,MPDM-C,PHARMACY DRUGS MISC,MPDM-C,PHARMACY DRUGS MISC,2020-10-10,2020-02-06 00:00:00,2020-02-06 00:00:00,,
D,DIET-C,DIET,DIET-C,DIET,2020-10-10,2020-02-06 00:00:00,2020-02-06 00:00:00,,
D,DIETSO-C,DIET SPOT ORDERS (RETIRED),DIETSO-C,DIET SPOT ORDERS (RETIRED),2020-10-10,2020-02-06 00:00:00,2020-02-06 00:00:00,,
T,HVTIMP-C,IMPLANTS HIGH VALUE,HVTIMP-C,IMPLANTS HIGH VALUE,2020-10-10,2020-02-06 00:00:00,2020-02-06 00:00:00,,
T,CC-C,Cardiac Consumables,CC-C,Cardiac Consumables,2020-10-10,2020-02-06 00:00:00,2020-02-06 00:00:00,,
T,STKNM-C,STOCK NON MEDICAL,STKNM-C,STOCK NON MEDICAL,2020-10-10,2020-02-06 00:00:00,2020-02-06 00:00:00,,
T,HVTIMPNM-C,IMPLANTS HIGH VALUE NON MEDICAL,HVTIMPNM-C,IMPLANTS HIGH VALUE NON MEDICAL,2020-10-10,2020-02-06 00:00:00,2020-02-06 00:00:00,,
T,STKMM-C,MATERIALS MISC,STKMM-C,MATERIALS MISC,2020-10-10,2020-02-06 00:00:00,2020-02-06 00:00:00,,
E,EAEA,ACCIDENT EMERGENCY ADULT,EAEA,ACCIDENT EMERGENCY ADULT,2020-10-10,2020-02-06 00:00:00,2020-02-06 00:00:00,,
E,EAEP,PAEDIATRIC EMERGENCY,EAEP,PAEDIATRIC EMERGENCY,2020-10-10,2020-02-06 00:00:00,2020-02-06 00:00:00,,
E,EMRBED,EMR BED CHARGES,EMRBED,EMR BED CHARGES,2020-10-10,2020-02-06 00:00:00,2020-02-06 00:00:00,,
Y,PPMG-C,PHYSICAL MEDICINE GYM,PPMG-C,PHYSICAL MEDICINE GYM,2020-10-10,2020-02-06 00:00:00,2020-02-06 00:00:00,,
Y,PPMH-C,PHYSICAL MEDICINE HOME CARE,PPMH-C,PHYSICAL MEDICINE HOME CARE,2020-10-10,2020-02-06 00:00:00,2020-02-06 00:00:00,,
Y,PPMO-C,PHYSICAL MEDICINE OCCUPATIONAL,PPMO-C,PHYSICAL MEDICINE OCCUPATIONAL,2020-10-10,2020-02-06 00:00:00,2020-02-06 00:00:00,,
Y,PPMP-C,PHYSICAL MEDICINE PHYSIO,PPMP-C,PHYSICAL MEDICINE PHYSIO,2020-10-10,2020-02-06 00:00:00,2020-02-06 00:00:00,,
Y,PPMR-C,PHYSICAL MEDICINE REHAB INTERVENTION,PPMR-C,PHYSICAL MEDICINE REHAB INTERVENTION,2020-10-10,2020-02-06 00:00:00,2020-02-06 00:00:00,,
Y,PPMS-C,PHYSICAL MEDICINE SPEECH,PPMS-C,PHYSICAL MEDICINE SPEECH,2020-10-10,2020-02-06 00:00:00,2020-02-06 00:00:00,,
Y,PPMN-C,PHYSICAL MEDICINE NEURO REHAB,PPMN-C,PHYSICAL MEDICINE NEURO REHAB,2020-10-10,2020-02-06 00:00:00,2020-02-06 00:00:00,,
Y,PPHY-C,PHYSIOTHERAPHY,PPHY-C,PHYSIOTHERAPHY,2020-10-10,2020-02-06 00:00:00,2020-02-06 00:00:00,,
A,AMB,AMBULANCE,AMB,AMBULANCE,2020-10-10,2020-02-06 00:00:00,2020-02-06 00:00:00,,
Z,MISC-C,MISCELLANEOUS,MISC-C,MISCELLANEOUS,2020-10-10,2020-02-06 00:00:00,2020-02-06 00:00:00,,
Z,PDMISC-C,[NULL],PDMISC-C,PHARMACY DRUGS MISC,2020-10-10,2020-02-06 00:00:00,2020-02-06 00:00:00,,
Z,MTMISC-C,[NULL],MTMISC-C,MATERIALS MISC,2020-10-10,2020-02-06 00:00:00,2020-02-06 00:00:00,,
Z,ANMISC-C,[NULL],ANMISC-C,ANESTHETIST FEE,2020-10-10,2020-02-06 00:00:00,2020-02-06 00:00:00,,
Z,IMPLNT-C,[NULL],IMPLNT-C,IMPLANTS,2020-10-10,2020-02-06 00:00:00,2020-02-06 00:00:00,,
Z,SURMISC-C,[NULL],SURMISC-C,SURGERY MISCELLANEOUS,2020-10-10,2020-02-06 00:00:00,2020-02-06 00:00:00,,
Z,DIETMISC-C,[NULL],DIETMISC-C,DIET MISCELLANEOUS,2020-10-10,2020-02-06 00:00:00,2020-02-06 00:00:00,,
Z,PKGMISC-C,[NULL],PKGMISC-C,PACKAGE MISCELLANEOUS,2020-10-10,2020-02-06 00:00:00,2020-02-06 00:00:00,,
Z,AUDMISC-C,[NULL],AUDMISC-C,AUDIOLOGY,2020-10-10,2020-02-06 00:00:00,2020-02-06 00:00:00,,
N,ADMN,ADMINISTRATION,ADMN,ADMINISTRATION,2020-10-10,2020-02-06 00:00:00,2020-02-06 00:00:00,,
N,MORT,MORTUARY ROOM CHARGE,MORT,MORTUARY ROOM CHARGE,2020-10-10,2020-02-06 00:00:00,2020-02-06 00:00:00,,
N,ST,SERVICE TAX,ST,SERVICE TAX,2020-10-10,2020-02-06 00:00:00,2020-02-06 00:00:00,,
N,ST1,SERVICE TAX OLD,ST1,SERVICE TAX OLD,2020-10-10,2020-02-06 00:00:00,2020-02-06 00:00:00,,
N,LT-C,LUXURY TAX,LT-C,LUXURY TAX,2020-10-10,2020-02-06 00:00:00,2020-02-06 00:00:00,,
N,TCS,STATUTORY TAXES,TCS,STATUTORY TAXES,2020-10-10,2020-02-06 00:00:00,2020-02-06 00:00:00,,
N,RMDF,RESIDENT MEDICAL DOCTOR FEE,RMDF,RESIDENT MEDICAL DOCTOR FEE,2020-10-10,2020-02-06 00:00:00,2020-02-06 00:00:00,,
AP,APPT,APPOINTMENTS,APPT,APPOINTMENTS,2020-10-10,2020-02-06 00:00:00,2020-02-06 00:00:00,,
OHC,OHCMS-D,Medical Support,OHCMS-D,Medical Support,2020-10-10,2020-02-06 00:00:00,2020-02-06 00:00:00,,
OHC,OHCMF-D,Management Fee,OHCMF-D,Management Fee,2020-10-10,2020-02-06 00:00:00,2020-02-06 00:00:00,,
MEXXGRLAB,SUB-LAB,Laboratory Procedures,SUB-LAB,Laboratory Procedures,2020-10-10,2020-02-06 00:00:00,2020-02-06 00:00:00,,
ACCOM,ACCOM,Accomodation,ACCOM,Accomodation,2020-10-10,2020-02-06 00:00:00,2020-02-06 00:00:00,,
ACCOM,ACCOM1,[NULL],ACCOM1,VIP Room,2020-10-10,2020-02-06 00:00:00,2020-02-06 00:00:00,,
ACCOM,ACCOM3,[NULL],ACCOM3,Semi Private,2020-10-10,2020-02-06 00:00:00,2020-02-06 00:00:00,,
ACCOM,ACCOM4,[NULL],ACCOM4,Single Room,2020-10-10,2020-02-06 00:00:00,2020-02-06 00:00:00,,
ACCOM,ACCOM5,[NULL],ACCOM5,Day Care,2020-10-10,2020-02-06 00:00:00,2020-02-06 00:00:00,,
ACCOM,ACCOM6,[NULL],ACCOM6,Rehab Room,2020-10-10,2020-02-06 00:00:00,2020-02-06 00:00:00,,
ACCOM,ACCOM7,[NULL],ACCOM7,ICU Room,2020-10-10,2020-02-06 00:00:00,2020-02-06 00:00:00,,
ACCOM,ACCOM8,[NULL],ACCOM8,Perdiem  - Ward or Shared Room,2020-10-10,2020-02-06 00:00:00,2020-02-06 00:00:00,,
ACCOM,ACCOM9,[NULL],ACCOM9,Perdiem - NICU,2020-10-10,2020-02-06 00:00:00,2020-02-06 00:00:00,,
ACCOM,ACCOM10,[NULL],ACCOM10,Perdiem - SCBU,2020-10-10,2020-02-06 00:00:00,2020-02-06 00:00:00,,
ACCOM,ACCOM11,[NULL],ACCOM11,Perdiem - PICU,2020-10-10,2020-02-06 00:00:00,2020-02-06 00:00:00,,
ACCOM,ACCOM12,[NULL],ACCOM12,Perdiem - Medical Escort,2020-10-10,2020-02-06 00:00:00,2020-02-06 00:00:00,,
ACCOM,ACCOM13,[NULL],ACCOM13,Perdiem - New-born Nursery,2020-10-10,2020-02-06 00:00:00,2020-02-06 00:00:00,,
ACCOM,ACCOM14,[NULL],ACCOM14,Perdiem - Home Care,2020-10-10,2020-02-06 00:00:00,2020-02-06 00:00:00,,
ACCOM,ACCOM15,[NULL],ACCOM15,Perdiem - SCU,2020-10-10,2020-02-06 00:00:00,2020-02-06 00:00:00,,
ACCOM,ACCOM16,[NULL],ACCOM16,Coronary Care Unit (CCU),2020-10-10,2020-02-06 00:00:00,2020-02-06 00:00:00,,
ACCOM,ACCOM17,[NULL],ACCOM17,Operating Room Services,2020-10-10,2020-02-06 00:00:00,2020-02-06 00:00:00,,
ACCOM,ACCOM18,[NULL],ACCOM18,Perdiem - Dialysis  (HD),2020-10-10,2020-02-06 00:00:00,2020-02-06 00:00:00,,
ACCOM,ACCOM19,[NULL],ACCOM19,Suite - Room,2020-10-10,2020-02-06 00:00:00,2020-02-06 00:00:00,,
ACCOM,ACCOM20,[NULL],ACCOM20,Room and Board: Shared Room,2020-10-10,2020-02-06 00:00:00,2020-02-06 00:00:00,,
ACCOM,ACCOM21,[NULL],ACCOM21,Royal Suite,2020-10-10,2020-02-06 00:00:00,2020-02-06 00:00:00,,
ACCOM,ACCOM22,[NULL],ACCOM22,Perdiem - Long Term Stay,2020-10-10,2020-02-06 00:00:00,2020-02-06 00:00:00,,
ACCOM,ACCOM23,[NULL],ACCOM23,Recovery Room,2020-10-10,2020-02-06 00:00:00,2020-02-06 00:00:00,,
ACCOM,ACCOM24,[NULL],ACCOM24,Emergency Room,2020-10-10,2020-02-06 00:00:00,2020-02-06 00:00:00,,
ACCOM,ACCOM25,[NULL],ACCOM25,Delivery Room,2020-10-10,2020-02-06 00:00:00,2020-02-06 00:00:00,,
ACCOM,ACCOM26,[NULL],ACCOM26,Others,2020-10-10,2020-02-06 00:00:00,2020-02-06 00:00:00,,
MEXXGRCONS,SUB-CONS,Consultation,SUB-CONS,Consultation,2020-10-10,2020-02-06 00:00:00,2020-02-06 00:00:00,,
MEXXGRCONS,EM-CONS,E&M Consultation,EM-CONS,E&M Consultation,2020-10-10,2020-02-06 00:00:00,2020-02-06 00:00:00,,
MEXXGRCONS,GPOPCON,[NULL],GPOPCON,GP OP Consultation,2020-10-10,2020-02-06 00:00:00,2020-02-06 00:00:00,,
MEXXGRCONS,GYNOPCON,[NULL],GYNOPCON,Gynae OP Consultation,2020-10-10,2020-02-06 00:00:00,2020-02-06 00:00:00,,
MEXXGRCONS,OBOPCON,[NULL],OBOPCON,Obs/Maternity OP Consultation,2020-10-10,2020-02-06 00:00:00,2020-02-06 00:00:00,,
MEXXGRCONS,SPOPCON,[NULL],SPOPCON,SP OP Consultation,2020-10-10,2020-02-06 00:00:00,2020-02-06 00:00:00,,
MEXXGRCONS,COPCON,[NULL],COPCON,Consultant OP Consultation,2020-10-10,2020-02-06 00:00:00,2020-02-06 00:00:00,,
MEXXGRPRO,SUB-PRO,Clinic Procedures,SUB-PRO,Clinic Procedures,2020-10-10,2020-02-06 00:00:00,2020-02-06 00:00:00,,
CONS,OPCON,OP CONSULT,OPCON,OP Consultation,2020-10-10,2020-02-06 00:00:00,2020-02-06 00:00:00,,
CONS,IPCON,IPCONSULT,IPCON,IP Consutlation,2020-10-10,2020-02-06 00:00:00,2020-02-06 00:00:00,,
CONS,COMCON,COMCON,COMCON,COM Consultation,2020-10-10,2020-02-06 00:00:00,2020-02-06 00:00:00,,
DIAG,RAD,RAD,RAD,Radiology,2020-10-10,2020-02-06 00:00:00,2020-02-06 00:00:00,,
DIAG,LAB,LAB,LAB,Laboratory,2020-10-10,2020-02-06 00:00:00,2020-02-06 00:00:00,,
MEAL,Meals,Meals,Meals,Meals,2020-10-10,2020-02-06 00:00:00,2020-02-06 00:00:00,,
MISC,GEN,GENERAL,GEN,General,2020-10-10,2020-02-06 00:00:00,2020-02-06 00:00:00,,
PHARM,PHARM,PHARM,PHARM,PHARM,2020-10-10,2020-02-06 00:00:00,2020-02-06 00:00:00,,
PROC,1,Cat1,1,Category 1,2020-10-10,2020-02-06 00:00:00,2020-02-06 00:00:00,,
PROC,2,Cat2,2,Category 2,2020-10-10,2020-02-06 00:00:00,2020-02-06 00:00:00,,
PROC,3,Cat3,3,Category 3,2020-10-10,2020-02-06 00:00:00,2020-02-06 00:00:00,,
PROC,4,Cat4,4,Category 4,2020-10-10,2020-02-06 00:00:00,2020-02-06 00:00:00,,